<?xml version="1.0"?>
<!-- ============================================================================== -->
<!-- (c) Copyright 2006 Russound FMP.  All Rights reserved. -->
<!-- This is PROPIETARY SOURCE CODE AND DATA of Russound FMP. -->
<!-- The contents of this file may not be disclosed to third parties,  -->
<!-- copied or duplicated in any form, in whole in or part, without  -->
<!-- the prior written consent of Russound FMP. -->
<!-- ============================================================================== -->

<Event>
  <Command>PlaySelection</Command>
  <Stream>1</Stream>
  <Type>Song</Type>
  <SelectionList>
      <Item0>6</Item0>
      <Item1>12</Item1>
      <Item2>1</Item2>
      <Item3>5</Item3>
  </SelectionList>
   <ClearQueue>1</ClearQueue>
</Event>

