<?xml version="1.0"?>
<!-- ============================================================================== -->
<!-- (c) Copyright 2004 Russound FMP.  All Rights reserved. -->
<!-- This is PROPIETARY SOURCE CODE AND DATA of Russound FMP. -->
<!-- The contents of this file may not be disclosed to third parties,  -->
<!-- copied or duplicated in any form, in whole in or part, without  -->
<!-- the prior written consent of Russound FMP. -->
<!-- ============================================================================== -->

<Event>
  <Command>PlaySelection</Command>
  <Stream>2</Stream>
  <Type>Song</Type>
  <idSelection>1</idSelection>
  <SkipSong>1</SkipSong>
</Event>
