<?xml version="1.0"?>                                                            
<!-- ============================================================================== -->
<!-- (c) Copyright 2006 Russound FMP.  All Rights reserved. -->
<!-- This is PROPIETARY SOURCE CODE AND DATA of Russound FMP. -->
<!-- The contents of this file may not be disclosed to third parties,  -->
<!-- copied or duplicated in any form, in whole in or part, without  -->
<!-- the prior written consent of Russound FMP. -->
<!-- ============================================================================== -->
<!-- query-searchartists-filtergenre -->
<!-- Example of retreiving a list of artists limited by genre name -->
<!-- ============================================================================== -->


<Event>
    <Command>sendquery</Command>
    <Type>searchartists</Type>
    <matchanywhere>1</matchanywhere>
    <RequestTotal>1</RequestTotal>
    <genrefilter>Jaz</genrefilter>
</Event>
