<?xml version="1.0"?>
<!-- ============================================================================== -->
<!-- (c) Copyright 2004 Russound FMP.  All Rights reserved. -->
<!-- This is PROPIETARY SOURCE CODE AND DATA of Russound FMP. -->
<!-- The contents of this file may not be disclosed to third parties,  -->
<!-- copied or duplicated in any form, in whole in or part, without  -->
<!-- the prior written consent of Russound FMP. -->
<!-- ============================================================================== -->

<Event>
    <Command>sendquery</Command>
    <Type>whatsnext</Type>
   <Foobar>testing</Foobar>
  <Stream>2</Stream>
</Event>



