<?xml version="1.0"?>
<!-- ============================================================================== -->
<!-- (c) Copyright 2004 Russound FMP.  All Rights reserved. -->
<!-- This is PROPIETARY SOURCE CODE AND DATA of Russound FMP. -->
<!-- The contents of this file may not be disclosed to third parties,  -->
<!-- copied or duplicated in any form, in whole in or part, without  -->
<!-- the prior written consent of Russound FMP. -->
<!-- ============================================================================== -->

<Event>
    <Command>sendquery</Command>
    <Type>longestsinceplayed</Type>
    <Offset>3</Offset>
    <Quantity>4</Quantity>
   <Foobar>all parameters are echoed in output so that sender can embed request id information</Foobar>
   <ControllerId>54</ControllerId>
  <Stream>3</Stream>
</Event>

